,Actuales,Objetivo
07/15/2026,6239,8800
07/16/2026,10386,8800
07/17/2026,11050,8800
07/18/2026,12885,8800
07/19/2026,16035,8800
07/20/2026,10061,8800
07/21/2026,9229,8800
07/22/2026,6358,8800
07/23/2026,9389,8800
07/24/2026,8089,8800
07/25/2026,10873,8800
07/26/2026,14527,8800
07/27/2026,8465,8800
07/28/2026,11755,8800
07/29/2026,7891,8800
07/30/2026,10117,8800
07/31/2026,10096,8800
08/01/2026,9691,8800
08/02/2026,7573,8800
08/03/2026,7829,8800
08/04/2026,8894,8800
08/05/2026,10503,8800
08/06/2026,9565,8800
08/07/2026,7574,8800
08/08/2026,7412,8800
08/09/2026,7572,8800