Puntuación de sueño 4 semanas,Puntuación,Frecuencia cardiaca en reposo,Body Battery,Pulsioximetría,Respiración,Estado de VFC,Calidad,Duración,Necesidad de sueño,Hora de dormir,Hora de despertarte
2026-08-11,--,--,--,--,--,--,--,8h 0min,--,9:00 pm,5:00 am
2026-08-10,--,--,--,--,--,--,--,--,--,--,--
2026-08-09,74,55,83,--,15.15,46,Aceptable,6h 58min,9h 0min,10:10 pm,6:10 am
2026-08-08,47,55,39,--,15.96,45,Deficiente,3h 49min,9h 0min,3:28 am,7:34 am
2026-08-07,70,56,62,--,15.27,43,Aceptable,5h 37min,9h 0min,12:23 am,6:04 am
2026-08-06,53,56,47,--,15.21,43,Deficiente,4h 32min,8h 30min,12:07 am,6:14 am
2026-08-05,73,57,52,--,15.4,42,Aceptable,5h 44min,7h 50min,11:32 pm,5:30 am
2026-08-04,88,56,76,--,15.44,42,Bueno,7h 34min,7h 50min,10:02 pm,5:46 am
2026-08-03,54,56,55,--,15.83,43,Deficiente,4h 42min,7h 50min,11:07 pm,4:59 am
2026-08-02,--,--,--,--,--,--,--,--,--,--,--
2026-08-01,72,59,52,--,15.88,43,Aceptable,6h 57min,8h 40min,10:49 pm,6:02 am
2026-07-31,69,54,69,--,15.5,44,Aceptable,6h 18min,8h 40min,9:48 pm,5:00 am
2026-07-30,68,58,55,--,15.96,45,Aceptable,5h 59min,8h 40min,10:37 pm,5:22 am
2026-07-29,71,57,53,--,15.94,46,Aceptable,6h 4min,8h 10min,11:30 pm,6:00 am
2026-07-28,84,54,64,--,15.4,46,Bueno,6h 44min,8h 30min,10:12 pm,5:03 am
2026-07-27,69,52,67,--,15.35,46,Aceptable,5h 35min,7h 50min,11:58 pm,5:47 am
2026-07-26,84,57,74,--,15.06,44,Bueno,7h 15min,7h 50min,11:29 pm,7:01 am
2026-07-25,--,--,--,--,--,--,--,--,--,--,--
2026-07-24,78,57,62,--,15.82,43,Aceptable,6h 40min,9h 0min,10:14 pm,5:02 am
2026-07-23,60,55,65,--,15.56,43,Aceptable,5h 45min,8h 40min,10:27 pm,5:15 am
2026-07-22,72,56,61,--,16.01,42,Aceptable,6h 0min,8h 40min,9:58 pm,4:36 am
2026-07-21,78,56,73,--,15.29,43,Aceptable,6h 25min,9h 0min,11:23 pm,6:00 am
2026-07-20,61,60,51,--,15.71,43,Aceptable,4h 47min,8h 50min,12:35 am,5:38 am
2026-07-19,57,60,59,--,16.07,43,Deficiente,6h 18min,8h 20min,11:14 pm,7:08 am
2026-07-18,77,60,54,--,15.46,43,Aceptable,6h 46min,8h 20min,10:49 pm,5:58 am
2026-07-17,83,55,70,--,15.02,45,Bueno,6h 40min,8h 40min,10:14 pm,4:58 am
2026-07-16,73,56,57,--,15.77,45,Aceptable,5h 30min,8h 50min,10:59 pm,4:33 am
2026-07-15,69,55,76,--,14.96,46,Aceptable,6h 31min,9h 0min,10:42 pm,6:13 am